Date,SPY,60/40,Equal weight,Static max-Sharpe,Regime max-Sharpe
2010,0.1314,0.1271,0.1716,0.1817,0.1449
2011,0.019,0.159,0.1651,0.1914,0.1607
2012,0.1599,0.1114,0.0898,0.0743,0.0731
2013,0.3231,0.1217,-0.056,-0.0959,-0.0301
2014,0.1346,0.1931,0.1285,0.1623,0.136
2015,0.0123,0.0081,-0.031,-0.0174,0.013
2016,0.12,0.0813,0.0773,0.0656,0.0951
2017,0.2171,0.1679,0.1473,0.1431,0.1949
2018,-0.0457,-0.0286,-0.0217,-0.022,-0.0164
2019,0.3122,0.2474,0.2147,0.2122,0.1436
2020,0.1833,0.2154,0.2328,0.2245,0.1664
2021,0.2873,0.1476,0.0618,0.0673,0.0862
2022,-0.1818,-0.2283,-0.1672,-0.2115,-0.2205
2023,0.2618,0.1686,0.1417,0.1435,0.2298
2024,0.2489,0.1094,0.1391,0.1297,0.2433
2025,0.1772,0.1276,0.274,0.2544,0.313
2026,0.1308,0.066,0.0506,0.0578,0.0517
